{
    "elements": {
        "t": [
            "a",
            "b",
            "c"
        ],
        "t+1": [
            "a+1",
            "b+1",
            "c+1"
        ]
    },
    "candidate_system": {
        "t": [
            "a",
            "b",
            "c"
        ],
        "t+1": [
            "a+1",
            "b+1",
            "c+1"
        ]
    },
    "initial_state": [
        1,
        1,
        0
    ],
    "TPM": [
        [
            0.1838039344480646,
            0.1167899506428763,
            0.034004015010544175,
            0.06742773363632495,
            0.1631048745475238,
            0.10189015291221155,
            0.1508041835648859,
            0.1821751552375687
        ],
        [
            0.18202664909163896,
            0.13928092963582098,
            0.16300217858762417,
            0.1775914999559623,
            0.08349192810040035,
            0.01385518954149899,
            0.04172582666909296,
            0.1990257984179614
        ],
        [
            0.07636028656742615,
            0.14855859807496058,
            0.18734511948044663,
            0.12000007954838293,
            0.18479120486640582,
            0.05510058074991662,
            0.02118648287188182,
            0.20665764784057936
        ],
        [
            0.06807242876647002,
            0.15279558053966907,
            0.1364034117320369,
            0.130149793862619,
            0.18415174031686435,
            0.20914460237664104,
            0.10206714997671827,
            0.017215292428981215
        ],
        [
            0.15393097553336735,
            0.05972267531031656,
            0.22155802025014118,
            0.11143164838865383,
            0.15879089079656625,
            0.19205529396699428,
            0.033652995681943555,
            0.06885750007201702
        ],
        [
            0.15140822551405544,
            0.07527413035354448,
            0.2809714263469264,
            0.007513866178967635,
            0.05873245239757226,
            0.02092469193405414,
            0.052130460705613266,
            0.3530447465692664
        ],
        [
            0.16983336390707693,
            0.014472283636886256,
            0.18462882922290688,
            0.2329285546701825,
            0.09436822427600047,
            0.009262402482613782,
            0.14354707730756194,
            0.1509592644967711
        ],
        [
            0.0814000002690944,
            0.1094547494508719,
            0.16519541367177232,
            0.13104754313634162,
            0.16156566432591585,
            0.10547494581770471,
            0.1662994773547039,
            0.07956220597359531
        ]
    ]
}